,Date,sensor,value
1,07/02/21 18:35:52,Maximo,nan
1,07/02/21 18:35:52,Minimo,nan
1,07/02/21 18:35:52,Mediana,nan
1,07/02/21 18:35:52,Promedio,nan
1,07/02/21 18:35:52,Desviacion,nan
1,07/02/21 18:35:52,Varianza,nan
0,07/02/21 18:36:09,Temperatura,39.87483137089923
1,07/02/21 18:36:10,Temperatura,26.32307293376094
2,07/02/21 18:36:11,Temperatura,31.061275933826437
3,07/02/21 18:36:12,Temperatura,35.560160254576786
4,07/02/21 18:36:13,Temperatura,30.043099183880127
5,07/02/21 18:36:14,Temperatura,20.193879568550972
6,07/02/21 18:36:15,Temperatura,24.4332910063784
7,07/02/21 18:36:16,Temperatura,27.889912409502156
8,07/02/21 18:36:17,Temperatura,18.128299813716662
1,07/02/21 18:36:17,Maximo,39.87483137089923
1,07/02/21 18:36:17,Minimo,18.128299813716666
1,07/02/21 18:36:17,Mediana,27.88991240950216
1,07/02/21 18:36:17,Promedio,28.167535830565747
1,07/02/21 18:36:17,Desviacion,6.543803608130721
1,07/02/21 18:36:17,Varianza,42.82136566178465
9,07/02/21 18:36:18,Temperatura,34.8164786510703
10,07/02/21 18:36:19,Temperatura,15.252657437382751
11,07/02/21 18:36:20,Temperatura,33.32480665037532
12,07/02/21 18:36:21,Temperatura,35.30802603906781
1,07/02/21 18:36:21,Maximo,39.87483137089923
1,07/02/21 18:36:21,Minimo,15.252657437382751
1,07/02/21 18:36:21,Mediana,30.043099183880127
1,07/02/21 18:36:21,Promedio,28.63152240407599
1,07/02/21 18:36:21,Desviacion,7.185349261884896
1,07/02/21 18:36:21,Varianza,51.629244015269826
13,07/02/21 18:36:22,Temperatura,32.61426113423241
14,07/02/21 18:36:23,Temperatura,18.766919676306827
15,07/02/21 18:36:24,Temperatura,35.33970057503895
1,07/02/21 18:36:24,Maximo,39.87483137089923
1,07/02/21 18:36:24,Minimo,15.252657437382751
1,07/02/21 18:36:24,Mediana,30.552187558853284
1,07/02/21 18:36:24,Promedio,28.68316703991038
1,07/02/21 18:36:24,Desviacion,7.199434642068792
1,07/02/21 18:36:24,Varianza,51.83185916542019
16,07/02/21 18:36:25,Temperatura,35.624739216752005
17,07/02/21 18:36:26,Temperatura,32.59641131185815
18,07/02/21 18:36:27,Temperatura,35.780824723135616
19,07/02/21 18:36:28,Temperatura,27.576610927810464
20,07/02/21 18:36:29,Temperatura,35.13728973891261
21,07/02/21 18:36:30,Temperatura,27.082355636354883
1,07/02/21 18:36:30,Maximo,39.87483137089923
1,07/02/21 18:36:30,Minimo,15.252657437382751
1,07/02/21 18:36:30,Mediana,31.828843622842292
1,07/02/21 18:36:30,Promedio,29.669495645154086
1,07/02/21 18:36:30,Desviacion,6.63059571250946
1,07/02/21 18:36:30,Varianza,43.96479950274883
22,07/02/21 18:36:31,Temperatura,26.713870804717903
23,07/02/21 18:36:32,Temperatura,31.8669090613344
24,07/02/21 18:36:33,Temperatura,34.7182743918786
1,07/02/21 18:36:34,Maximo,39.87483137089923
1,07/02/21 18:36:34,Minimo,15.252657437382751
1,07/02/21 18:36:34,Mediana,31.8669090613344
1,07/02/21 18:36:34,Promedio,29.841118338052823
1,07/02/21 18:36:34,Desviacion,6.3420619394481434
1,07/02/21 18:36:34,Varianza,40.22174964379675
25,07/02/21 18:36:34,Temperatura,29.496794673392614
26,07/02/21 18:36:35,Temperatura,33.20248087925462
1,07/02/21 18:36:36,Maximo,39.87483137089923
1,07/02/21 18:36:36,Minimo,15.252657437382751
1,07/02/21 18:36:36,Mediana,31.8669090613344
1,07/02/21 18:36:36,Promedio,29.952860518665474
1,07/02/21 18:36:36,Desviacion,6.136182694149033
1,07/02/21 18:36:36,Varianza,37.65273805597409
27,07/02/21 18:36:36,Temperatura,28.99102251252209
28,07/02/21 18:36:37,Temperatura,28.99064739469562
29,07/02/21 18:36:38,Temperatura,32.61194260014471
1,07/02/21 18:36:39,Maximo,39.87483137089923
1,07/02/21 18:36:39,Minimo,15.252657437382751
1,07/02/21 18:36:39,Mediana,31.46409249758042
1,07/02/21 18:36:39,Promedio,29.97736155037768
1,07/02/21 18:36:39,Desviacion,5.846730204301366
1,07/02/21 18:36:39,Varianza,34.1842540818899
30,07/02/21 18:36:39,Temperatura,26.442983625447738
31,07/02/21 18:36:40,Temperatura,35.57175626706256
32,07/02/21 18:36:41,Temperatura,28.858093394188202
1,07/02/21 18:36:42,Maximo,39.87483137089923
1,07/02/21 18:36:42,Minimo,15.252657437382751
1,07/02/21 18:36:42,Mediana,31.06127593382644
1,07/02/21 18:36:42,Promedio,30.005869084788756
1,07/02/21 18:36:42,Desviacion,5.695672585926224
1,07/02/21 18:36:42,Varianza,32.44068620607152
33,07/02/21 18:36:42,Temperatura,21.005575931489133
1,07/02/21 18:36:43,Maximo,39.87483137089923
1,07/02/21 18:36:43,Minimo,15.252657437382751
1,07/02/21 18:36:43,Mediana,30.552187558853284
1,07/02/21 18:36:43,Promedio,29.741154580279943
1,07/02/21 18:36:43,Desviacion,5.813689254689624
1,07/02/21 18:36:43,Varianza,33.79898275009359
34,07/02/21 18:36:43,Temperatura,21.00394287188256
35,07/02/21 18:36:44,Temperatura,32.76184150528411
1,07/02/21 18:36:45,Maximo,39.87483137089923
1,07/02/21 18:36:45,Minimo,15.252657437382751
1,07/02/21 18:36:45,Mediana,30.552187558853284
1,07/02/21 18:36:45,Promedio,29.582362225185687
1,07/02/21 18:36:45,Desviacion,5.8540610097372205
1,07/02/21 18:36:45,Varianza,34.27003030572556
36,07/02/21 18:36:45,Temperatura,29.540964554665347
37,07/02/21 18:36:46,Temperatura,33.44873717187308
38,07/02/21 18:36:48,Temperatura,29.945069361435287
1,07/02/21 18:36:48,Maximo,39.87483137089923
1,07/02/21 18:36:48,Minimo,15.252657437382751
1,07/02/21 18:36:48,Mediana,30.043099183880127
1,07/02/21 18:36:48,Promedio,29.689738748580986
1,07/02/21 18:36:48,Desviacion,5.657655484057207
1,07/02/21 18:36:48,Varianza,32.00906557628259
39,07/02/21 18:36:49,Temperatura,28.196118674285742
40,07/02/21 18:36:50,Temperatura,25.793002392474076
1,07/02/21 18:36:50,Maximo,39.87483137089923
1,07/02/21 18:36:50,Minimo,15.252657437382751
1,07/02/21 18:36:50,Mediana,29.945069361435287
1,07/02/21 18:36:50,Promedio,29.558266640522394
1,07/02/21 18:36:50,Desviacion,5.554739420261462
1,07/02/21 18:36:50,Varianza,30.855130027006638
41,07/02/21 18:36:51,Temperatura,29.407559748699107
42,07/02/21 18:36:52,Temperatura,32.131569470210245
1,07/02/21 18:36:52,Maximo,39.87483137089923
1,07/02/21 18:36:52,Minimo,15.252657437382751
1,07/02/21 18:36:52,Mediana,29.945069361435287
1,07/02/21 18:36:52,Promedio,29.61460608093785
1,07/02/21 18:36:52,Desviacion,5.437955419962121
1,07/02/21 18:36:52,Varianza,29.571359149495407
43,07/02/21 18:36:53,Temperatura,28.684254139081446
44,07/02/21 18:36:54,Temperatura,26.55783663901397
45,07/02/21 18:36:55,Temperatura,31.999870140761782
1,07/02/21 18:36:55,Maximo,39.87483137089923
1,07/02/21 18:36:55,Minimo,15.252657437382751
1,07/02/21 18:36:55,Mediana,29.74301695805032
1,07/02/21 18:36:55,Promedio,29.57978309563445
1,07/02/21 18:36:55,Desviacion,5.29029369770332
1,07/02/21 18:36:55,Varianza,27.987207407959467
46,07/02/21 18:36:56,Temperatura,30.501844937150125
47,07/02/21 18:36:57,Temperatura,32.200460030384974
48,07/02/21 18:36:58,Temperatura,28.88206976899647
49,07/02/21 18:36:59,Temperatura,22.694200557745646
50,07/02/21 18:37:00,Temperatura,22.03292115289429
51,07/02/21 18:37:01,Temperatura,37.44095901896155
52,07/02/21 18:37:02,Temperatura,24.064985898752344
53,07/02/21 18:37:03,Temperatura,29.610885076388538
54,07/02/21 18:37:04,Temperatura,23.02642605664213
55,07/02/21 18:37:05,Temperatura,23.17835888150813
56,07/02/21 18:37:06,Temperatura,32.044345407003696
57,07/02/21 18:37:07,Temperatura,17.857580917755662
58,07/02/21 18:37:08,Temperatura,30.35722655410795
59,07/02/21 18:37:09,Temperatura,26.531739680603664
60,07/02/21 18:37:10,Temperatura,25.298061268650024
61,07/02/21 18:37:11,Temperatura,25.989820599292795
62,07/02/21 18:37:12,Temperatura,22.71858633859405
63,07/02/21 18:37:13,Temperatura,28.98017277536019
64,07/02/21 18:37:14,Temperatura,30.88418709714589
65,07/02/21 18:37:15,Temperatura,25.88028270454728
66,07/02/21 18:37:16,Temperatura,34.661173473536195
67,07/02/21 18:37:17,Temperatura,25.07181677643034
68,07/02/21 18:37:18,Temperatura,21.5101288207982
69,07/02/21 18:37:19,Temperatura,42.62581385427284
70,07/02/21 18:37:20,Temperatura,28.419117986259124
71,07/02/21 18:37:21,Temperatura,23.32674222381707
72,07/02/21 18:37:22,Temperatura,35.347727693199815
73,07/02/21 18:37:23,Temperatura,26.607610747246433
74,07/02/21 18:37:24,Temperatura,37.35847410510756
75,07/02/21 18:37:25,Temperatura,35.11279444832955
76,07/02/21 18:37:26,Temperatura,35.10454865523447
77,07/02/21 18:37:28,Temperatura,32.769377945340445
78,07/02/21 18:37:29,Temperatura,31.07055264505721
79,07/02/21 18:37:30,Temperatura,32.48971097625795
80,07/02/21 18:37:31,Temperatura,33.053251993218254
81,07/02/21 18:37:32,Temperatura,38.92936279931437
82,07/02/21 18:37:33,Temperatura,30.327047643760302
83,07/02/21 18:37:34,Temperatura,29.102535442898603
84,07/02/21 18:37:35,Temperatura,26.870934447555086
85,07/02/21 18:37:36,Temperatura,36.75323509452491
86,07/02/21 18:37:37,Temperatura,39.94908641229454
87,07/02/21 18:37:38,Temperatura,27.896184091805974
88,07/02/21 18:37:39,Temperatura,25.71429208312658
89,07/02/21 18:37:40,Temperatura,35.45651766470667
90,07/02/21 18:37:41,Temperatura,29.835531809450586
91,07/02/21 18:37:42,Temperatura,27.914501654826548
92,07/02/21 18:37:43,Temperatura,26.623305093267938
93,07/02/21 18:37:44,Temperatura,32.63021965756695
94,07/02/21 18:37:45,Temperatura,35.27877288926808
95,07/02/21 18:37:46,Temperatura,33.7668879903439
96,07/02/21 18:37:47,Temperatura,30.201921100488235
97,07/02/21 18:37:48,Temperatura,29.42946458118652
98,07/02/21 18:37:49,Temperatura,30.93860297307591
99,07/02/21 18:37:50,Temperatura,30.73417798055999
100,07/02/21 18:37:51,Temperatura,27.447894065060343
101,07/02/21 18:37:52,Temperatura,38.215016299449154
102,07/02/21 18:37:53,Temperatura,31.00462087089961
103,07/02/21 18:37:54,Temperatura,29.668238001511597
104,07/02/21 18:37:55,Temperatura,28.342870130776436
105,07/02/21 18:37:56,Temperatura,35.07951167756875
106,07/02/21 18:37:57,Temperatura,28.77763831244734
107,07/02/21 18:37:58,Temperatura,20.159845774856223
108,07/02/21 18:37:59,Temperatura,24.651524428672044
109,07/02/21 18:38:00,Temperatura,27.838429529866943
110,07/02/21 18:38:01,Temperatura,33.93920564572858
111,07/02/21 18:38:02,Temperatura,31.938141905343095
112,07/02/21 18:38:03,Temperatura,26.466742366946416
113,07/02/21 18:38:04,Temperatura,26.07078971532091
114,07/02/21 18:38:05,Temperatura,27.410161429284464
115,07/02/21 18:38:06,Temperatura,31.439480886475952
116,07/02/21 18:38:07,Temperatura,50.08209723095005
117,07/02/21 18:38:09,Temperatura,33.74214927954435
118,07/02/21 18:38:10,Temperatura,34.90386998661386
119,07/02/21 18:38:11,Temperatura,31.947881242647476
120,07/02/21 18:38:12,Temperatura,26.044463109175798
121,07/02/21 18:38:13,Temperatura,26.285722752071607
122,07/02/21 18:38:14,Temperatura,29.617457519917412
123,07/02/21 18:38:15,Temperatura,27.57382701808035
124,07/02/21 18:38:16,Temperatura,27.479812533021853
125,07/02/21 18:38:17,Temperatura,33.14460900987182
126,07/02/21 18:38:18,Temperatura,25.579369908888445
127,07/02/21 18:38:19,Temperatura,29.880206981081397
128,07/02/21 18:38:20,Temperatura,34.03437387310732
129,07/02/21 18:38:21,Temperatura,30.62309080115166
130,07/02/21 18:38:22,Temperatura,29.27095896895495
131,07/02/21 18:38:23,Temperatura,33.93092504825421
1,07/02/21 18:38:23,Maximo,50.08209723095005
1,07/02/21 18:38:23,Minimo,15.252657437382751
1,07/02/21 18:38:23,Mediana,29.75188490548109
1,07/02/21 18:38:23,Promedio,29.89634459984347
1,07/02/21 18:38:23,Desviacion,5.198154885317138
1,07/02/21 18:38:23,Varianza,27.020814211746433
132,07/02/21 18:38:24,Temperatura,36.82426639069566
133,07/02/21 18:38:25,Temperatura,25.639021193261165
134,07/02/21 18:38:26,Temperatura,26.392802257876664
1,07/02/21 18:38:26,Maximo,50.08209723095005
1,07/02/21 18:38:26,Minimo,15.252657437382751
1,07/02/21 18:38:26,Mediana,29.6682380015116
1,07/02/21 18:38:26,Promedio,29.89017464460127
1,07/02/21 18:38:26,Desviacion,5.196250819790877
1,07/02/21 18:38:26,Varianza,27.001022582177363
135,07/02/21 18:38:27,Temperatura,34.52866186386641
1,07/02/21 18:38:28,Maximo,50.08209723095005
136,07/02/21 18:38:28,Temperatura,29.87416477181487
1,07/02/21 18:38:28,Minimo,15.252657437382751
1,07/02/21 18:38:28,Mediana,29.75188490548109
1,07/02/21 18:38:28,Promedio,29.924281168272334
1,07/02/21 18:38:28,Desviacion,5.192256260106096
1,07/02/21 18:38:28,Varianza,26.95952507061094
1,07/02/21 18:38:29,Maximo,50.08209723095005
1,07/02/21 18:38:29,Minimo,15.252657437382751
137,07/02/21 18:38:29,Temperatura,26.31951301910149
1,07/02/21 18:38:29,Mediana,29.835531809450583
1,07/02/21 18:38:29,Promedio,29.923915355159508
1,07/02/21 18:38:29,Desviacion,5.173273471941793
1,07/02/21 18:38:29,Varianza,26.76275841549669
138,07/02/21 18:38:30,Temperatura,37.83689910204504
1,07/02/21 18:38:30,Maximo,50.08209723095005
1,07/02/21 18:38:30,Minimo,15.252657437382751
1,07/02/21 18:38:30,Mediana,29.835531809450583
1,07/02/21 18:38:30,Promedio,29.954912343726615
1,07/02/21 18:38:30,Desviacion,5.188512059793798
1,07/02/21 18:38:30,Varianza,26.92065739462568
139,07/02/21 18:38:31,Temperatura,26.222809253480072
1,07/02/21 18:38:32,Maximo,50.08209723095005
1,07/02/21 18:38:32,Minimo,15.252657437382751
1,07/02/21 18:38:32,Mediana,29.75188490548109
1,07/02/21 18:38:32,Promedio,29.928254464510566
1,07/02/21 18:38:32,Desviacion,5.179492860844718
1,07/02/21 18:38:32,Varianza,26.8271462955414
140,07/02/21 18:38:32,Temperatura,30.14971203393535
1,07/02/21 18:38:33,Maximo,50.08209723095005
1,07/02/21 18:38:33,Minimo,15.252657437382751
1,07/02/21 18:38:33,Mediana,29.835531809450583
1,07/02/21 18:38:33,Promedio,29.929825085570315
1,07/02/21 18:38:33,Desviacion,5.161126641122917
1,07/02/21 18:38:33,Varianza,26.63722820570872
141,07/02/21 18:38:33,Temperatura,29.889932522528213
142,07/02/21 18:38:34,Temperatura,25.34257325368742
143,07/02/21 18:38:35,Temperatura,26.264761467581874
144,07/02/21 18:38:36,Temperatura,27.76622482917354
145,07/02/21 18:38:37,Temperatura,39.95135100792105
1,07/02/21 18:38:37,Maximo,50.08209723095005
1,07/02/21 18:38:37,Minimo,15.252657437382751
1,07/02/21 18:38:37,Mediana,29.75188490548109
1,07/02/21 18:38:37,Promedio,29.926850548947304
1,07/02/21 18:38:37,Desviacion,5.165372849998748
1,07/02/21 18:38:37,Varianza,26.681076679504194
146,07/02/21 18:38:38,Temperatura,27.553388290478765
1,07/02/21 18:38:38,Maximo,50.08209723095005
1,07/02/21 18:38:38,Minimo,15.252657437382751
1,07/02/21 18:38:38,Mediana,29.6682380015116
1,07/02/21 18:38:39,Promedio,29.910704547189017
1,07/02/21 18:38:39,Desviacion,5.15146910977248
1,07/02/21 18:38:39,Varianza,26.537633988940062
147,07/02/21 18:38:39,Temperatura,25.343049111263717
148,07/02/21 18:38:40,Temperatura,31.326775964229725
149,07/02/21 18:38:41,Temperatura,23.117395911438347
150,07/02/21 18:38:42,Temperatura,38.10940062856736
151,07/02/21 18:38:43,Temperatura,35.15129509353632
152,07/02/21 18:38:44,Temperatura,33.57278355385172
153,07/02/21 18:38:45,Temperatura,41.01274046196066
154,07/02/21 18:38:46,Temperatura,24.95989684022123
155,07/02/21 18:38:47,Temperatura,34.66455692246985
156,07/02/21 18:38:48,Temperatura,28.352759612215085
157,07/02/21 18:38:49,Temperatura,26.56093893030072
158,07/02/21 18:38:50,Temperatura,26.261953889707254
159,07/02/21 18:38:51,Temperatura,24.75491743740981
160,07/02/21 18:38:52,Temperatura,22.49710151198076
161,07/02/21 18:38:54,Temperatura,24.801088879642688
162,07/02/21 18:38:55,Temperatura,31.85979590356032
163,07/02/21 18:38:56,Temperatura,28.26092834810925
164,07/02/21 18:38:57,Temperatura,24.5264630217704
165,07/02/21 18:38:58,Temperatura,28.426714354817438
166,07/02/21 18:38:59,Temperatura,25.778098143612272
167,07/02/21 18:39:00,Temperatura,25.120607557172256
168,07/02/21 18:39:01,Temperatura,31.91362115830484
169,07/02/21 18:39:02,Temperatura,33.52348345241389
170,07/02/21 18:39:03,Temperatura,22.300578439313945
171,07/02/21 18:39:04,Temperatura,32.731255986750064
172,07/02/21 18:39:05,Temperatura,26.438998024574293
173,07/02/21 18:39:06,Temperatura,36.10367890408418
174,07/02/21 18:39:07,Temperatura,26.620068879605878
175,07/02/21 18:39:08,Temperatura,25.9199161566776
176,07/02/21 18:39:09,Temperatura,22.82883691493149
177,07/02/21 18:39:10,Temperatura,23.677681274460753
178,07/02/21 18:39:11,Temperatura,32.142321109751066
179,07/02/21 18:39:12,Temperatura,26.65296280291824
180,07/02/21 18:39:13,Temperatura,35.05979896048456
181,07/02/21 18:39:14,Temperatura,26.76109902578152
182,07/02/21 18:39:15,Temperatura,26.109981500521506
183,07/02/21 18:39:16,Temperatura,30.902140924524886
184,07/02/21 18:39:17,Temperatura,26.376411042700724
185,07/02/21 18:39:18,Temperatura,36.24776349461592
186,07/02/21 18:39:19,Temperatura,33.35602714969425
187,07/02/21 18:39:20,Temperatura,23.519094538143655
188,07/02/21 18:39:21,Temperatura,25.767156314226913
189,07/02/21 18:39:22,Temperatura,18.68849058622864
190,07/02/21 18:39:23,Temperatura,32.82441914404356
191,07/02/21 18:39:24,Temperatura,33.91531921039504
192,07/02/21 18:39:25,Temperatura,36.4729149443971
193,07/02/21 18:39:26,Temperatura,36.97997797176548
194,07/02/21 18:39:27,Temperatura,34.99200318324098
195,07/02/21 18:39:28,Temperatura,23.20838206516642
196,07/02/21 18:39:29,Temperatura,32.574105061636324
197,07/02/21 18:39:30,Temperatura,40.89029466297899
198,07/02/21 18:39:31,Temperatura,33.140539318105134
199,07/02/21 18:39:33,Temperatura,35.770563096355346
200,07/02/21 18:39:34,Temperatura,27.50296561356351
201,07/02/21 18:39:35,Temperatura,24.544347981510857
202,07/02/21 18:39:36,Temperatura,32.58515631365602
203,07/02/21 18:39:37,Temperatura,31.65013020283372
204,07/02/21 18:39:38,Temperatura,31.429089346447267
205,07/02/21 18:39:39,Temperatura,23.211876739285348
206,07/02/21 18:39:40,Temperatura,35.09324270014035
207,07/02/21 18:39:41,Temperatura,25.797789042546594
208,07/02/21 18:39:42,Temperatura,34.48003851949166
209,07/02/21 18:39:43,Temperatura,32.204280742590676
210,07/02/21 18:39:44,Temperatura,30.05500810270267
211,07/02/21 18:39:45,Temperatura,28.447715496269392
212,07/02/21 18:39:46,Temperatura,34.03954108358117
213,07/02/21 18:39:47,Temperatura,24.51344940398006
214,07/02/21 18:39:48,Temperatura,33.491062612803816
215,07/02/21 18:39:49,Temperatura,35.31221220020726
216,07/02/21 18:39:50,Temperatura,31.174872063040656
217,07/02/21 18:39:51,Temperatura,35.358760841448
218,07/02/21 18:39:52,Temperatura,23.02663894371903
219,07/02/21 18:39:53,Temperatura,31.891197296916573
220,07/02/21 18:39:54,Temperatura,27.656189562474708
221,07/02/21 18:39:55,Temperatura,39.68734022697457
222,07/02/21 18:39:56,Temperatura,38.41028478725704
223,07/02/21 18:39:57,Temperatura,33.9041406168148
224,07/02/21 18:39:58,Temperatura,39.731023865489036
225,07/02/21 18:39:59,Temperatura,34.384409126759486
226,07/02/21 18:40:00,Temperatura,28.098050643465907
227,07/02/21 18:40:01,Temperatura,39.209511269636536
228,07/02/21 18:40:02,Temperatura,40.39225409687051
229,07/02/21 18:40:03,Temperatura,25.838204816759884
230,07/02/21 18:40:04,Temperatura,27.0554499832771
231,07/02/21 18:40:05,Temperatura,22.614250510692223
232,07/02/21 18:40:06,Temperatura,33.85294980471285
233,07/02/21 18:40:07,Temperatura,33.06271144442816
234,07/02/21 18:40:08,Temperatura,20.310043044096926
235,07/02/21 18:40:09,Temperatura,35.52080845085479
236,07/02/21 18:40:10,Temperatura,33.09050917874127
237,07/02/21 18:40:11,Temperatura,31.039640411178297
238,07/02/21 18:40:12,Temperatura,30.71761815538066
239,07/02/21 18:40:14,Temperatura,29.623298111850154
240,07/02/21 18:40:15,Temperatura,33.85212263420533
241,07/02/21 18:40:16,Temperatura,35.947988303175364
242,07/02/21 18:40:17,Temperatura,33.288601422081385
243,07/02/21 18:40:18,Temperatura,26.517777995141515
244,07/02/21 18:40:19,Temperatura,29.22908791195632
245,07/02/21 18:40:20,Temperatura,22.48608490819549
246,07/02/21 18:40:21,Temperatura,32.3597941088678
247,07/02/21 18:40:22,Temperatura,23.355519089222263
248,07/02/21 18:40:23,Temperatura,32.96056770710683
249,07/02/21 18:40:24,Temperatura,30.442690740150333
250,07/02/21 18:40:25,Temperatura,30.46435073480333
251,07/02/21 18:40:26,Temperatura,28.120399322625317
252,07/02/21 18:40:27,Temperatura,32.26481911501083
253,07/02/21 18:40:28,Temperatura,26.47653764702362
254,07/02/21 18:40:29,Temperatura,28.5664741632625
255,07/02/21 18:40:30,Temperatura,27.680933997855693
256,07/02/21 18:40:31,Temperatura,29.34540348819457
257,07/02/21 18:40:32,Temperatura,26.30504052428777
258,07/02/21 18:40:33,Temperatura,27.043918267834666
259,07/02/21 18:40:34,Temperatura,30.674733846799775
260,07/02/21 18:40:35,Temperatura,24.784921069284238
261,07/02/21 18:40:36,Temperatura,27.204847342698255
262,07/02/21 18:40:37,Temperatura,33.552819425550894
263,07/02/21 18:40:38,Temperatura,26.281609289811524
264,07/02/21 18:40:39,Temperatura,28.87584172234062
265,07/02/21 18:40:40,Temperatura,25.804338411938005
266,07/02/21 18:40:41,Temperatura,34.50867838171236
267,07/02/21 18:40:42,Temperatura,28.11988766526928
268,07/02/21 18:40:43,Temperatura,30.43446575762822
269,07/02/21 18:40:44,Temperatura,34.39990074878208
270,07/02/21 18:40:45,Temperatura,31.27182062367716
271,07/02/21 18:40:46,Temperatura,27.23671763753678
272,07/02/21 18:40:47,Temperatura,18.86013020401549
273,07/02/21 18:40:48,Temperatura,15.591869673518598
274,07/02/21 18:40:50,Temperatura,39.233607024651654
275,07/02/21 18:40:51,Temperatura,36.856218614719175
276,07/02/21 18:40:52,Temperatura,36.425392128543685
277,07/02/21 18:40:53,Temperatura,29.248712531604728
278,07/02/21 18:40:54,Temperatura,26.30068198166272
279,07/02/21 18:40:55,Temperatura,37.108765131220714
280,07/02/21 18:40:56,Temperatura,24.961414980487557
281,07/02/21 18:40:57,Temperatura,28.736463796788307
282,07/02/21 18:40:58,Temperatura,28.759212957454718
283,07/02/21 18:40:59,Temperatura,28.88342198477393
284,07/02/21 18:41:00,Temperatura,27.067063933537582
285,07/02/21 18:41:01,Temperatura,30.951445055117638
286,07/02/21 18:41:02,Temperatura,25.29270982959183
287,07/02/21 18:41:03,Temperatura,33.92470576341552
288,07/02/21 18:41:04,Temperatura,28.426826131763228
289,07/02/21 18:41:05,Temperatura,29.120031417681183
290,07/02/21 18:41:06,Temperatura,28.972477056237267
291,07/02/21 18:41:07,Temperatura,37.4990006333888
292,07/02/21 18:41:08,Temperatura,38.24220096714748
293,07/02/21 18:41:09,Temperatura,37.59284873591146
294,07/02/21 18:41:10,Temperatura,22.85815491504693
295,07/02/21 18:41:11,Temperatura,25.175176191898792
296,07/02/21 18:41:12,Temperatura,24.635578427054377
297,07/02/21 18:41:13,Temperatura,36.12683816869162
298,07/02/21 18:41:14,Temperatura,39.3581598972111
299,07/02/21 18:41:15,Temperatura,37.22405555787384
300,07/02/21 18:41:16,Temperatura,32.18988295681861
301,07/02/21 18:41:17,Temperatura,29.7070234873761
302,07/02/21 18:41:18,Temperatura,28.791553798555537
303,07/02/21 18:41:19,Temperatura,31.93485923389705
304,07/02/21 18:41:20,Temperatura,29.72349879112295
305,07/02/21 18:41:21,Temperatura,39.93088459100572
306,07/02/21 18:41:22,Temperatura,33.33633835120536
307,07/02/21 18:41:23,Temperatura,28.649672916381178
308,07/02/21 18:41:24,Temperatura,32.077775837523916
309,07/02/21 18:41:25,Temperatura,26.51270670465859
310,07/02/21 18:41:26,Temperatura,27.085849505743315
311,07/02/21 18:41:27,Temperatura,31.01189233674901
312,07/02/21 18:41:28,Temperatura,25.818785477535464
313,07/02/21 18:41:29,Temperatura,24.143741570246902
314,07/02/21 18:41:30,Temperatura,19.463855105155762
315,07/02/21 18:41:31,Temperatura,25.33451226181227
316,07/02/21 18:41:33,Temperatura,22.603726096493507
317,07/02/21 18:41:34,Temperatura,32.551449562308605
318,07/02/21 18:41:35,Temperatura,22.342595753874164
319,07/02/21 18:41:36,Temperatura,33.19331168319372
320,07/02/21 18:41:37,Temperatura,21.25313983936168
321,07/02/21 18:41:38,Temperatura,24.42321344543086
322,07/02/21 18:41:39,Temperatura,33.55491872766445
323,07/02/21 18:41:40,Temperatura,33.99939116780084
324,07/02/21 18:41:41,Temperatura,21.47433370731895
325,07/02/21 18:41:42,Temperatura,26.002895489098893
326,07/02/21 18:41:43,Temperatura,28.01989593732943
327,07/02/21 18:41:44,Temperatura,30.253476878544774
328,07/02/21 18:41:45,Temperatura,24.951282801037834
329,07/02/21 18:41:46,Temperatura,38.29950082860773
330,07/02/21 18:41:47,Temperatura,33.23891845367919
331,07/02/21 18:41:48,Temperatura,20.42789031836935
332,07/02/21 18:41:49,Temperatura,27.205665190853317
333,07/02/21 18:41:50,Temperatura,32.3129466973949
334,07/02/21 18:41:51,Temperatura,33.68308077969988
335,07/02/21 18:41:52,Temperatura,26.071921662788956
336,07/02/21 18:41:53,Temperatura,31.759593381512534
337,07/02/21 18:41:54,Temperatura,21.76716118918736
338,07/02/21 18:41:55,Temperatura,31.061129123891916
339,07/02/21 18:41:56,Temperatura,34.698948314066115
340,07/02/21 18:41:57,Temperatura,25.828178019262424
341,07/02/21 18:41:58,Temperatura,25.45025458333089
342,07/02/21 18:41:59,Temperatura,23.302661514350465
343,07/02/21 18:42:00,Temperatura,21.385147834834562
344,07/02/21 18:42:01,Temperatura,32.34287171540987
345,07/02/21 18:42:02,Temperatura,34.3629839109779
346,07/02/21 18:42:03,Temperatura,38.32537188294822
347,07/02/21 18:42:04,Temperatura,25.566878394393616
348,07/02/21 18:42:05,Temperatura,35.99125098765071
349,07/02/21 18:42:06,Temperatura,16.3269954082053
350,07/02/21 18:42:07,Temperatura,21.394214629032284
351,07/02/21 18:42:08,Temperatura,28.319071495200397
352,07/02/21 18:42:09,Temperatura,23.59308738847049
353,07/02/21 18:42:10,Temperatura,24.142043881152617
354,07/02/21 18:42:11,Temperatura,29.772693643349093
355,07/02/21 18:42:12,Temperatura,29.079245470429615
356,07/02/21 18:42:13,Temperatura,31.292686239769417
357,07/02/21 18:42:14,Temperatura,35.1737264902967
358,07/02/21 18:42:16,Temperatura,35.39419580333892
359,07/02/21 18:42:17,Temperatura,32.93182458162479
360,07/02/21 18:42:18,Temperatura,26.45403897646954
361,07/02/21 18:42:19,Temperatura,35.83089905928082
362,07/02/21 18:42:20,Temperatura,33.64346879152188
363,07/02/21 18:42:21,Temperatura,26.654511414344586
364,07/02/21 18:42:22,Temperatura,24.11456974812333
365,07/02/21 18:42:23,Temperatura,26.42327207984286
366,07/02/21 18:42:24,Temperatura,23.679157970969374
367,07/02/21 18:42:25,Temperatura,28.418426609641664
368,07/02/21 18:42:26,Temperatura,20.756068187713893
369,07/02/21 18:42:27,Temperatura,18.382711420747373
370,07/02/21 18:42:28,Temperatura,37.27788175803561
371,07/02/21 18:42:29,Temperatura,22.694505901526448
372,07/02/21 18:42:30,Temperatura,24.367493645508794
373,07/02/21 18:42:31,Temperatura,31.348164994773395
374,07/02/21 18:42:32,Temperatura,33.23152304373288
375,07/02/21 18:42:33,Temperatura,28.938990610933928
376,07/02/21 18:42:34,Temperatura,33.99902997178148
377,07/02/21 18:42:35,Temperatura,28.354960196763013
378,07/02/21 18:42:36,Temperatura,29.483749165787128
379,07/02/21 18:42:37,Temperatura,28.50223490066372
380,07/02/21 18:42:38,Temperatura,30.112525932290286
381,07/02/21 18:42:39,Temperatura,31.420786190054393
382,07/02/21 18:42:40,Temperatura,29.570321083071985
383,07/02/21 18:42:41,Temperatura,30.730519294303008
384,07/02/21 18:42:42,Temperatura,30.42257687209803
385,07/02/21 18:42:43,Temperatura,28.653565714582705
386,07/02/21 18:42:44,Temperatura,33.27430090736678
387,07/02/21 18:42:45,Temperatura,32.69361829259612
388,07/02/21 18:42:46,Temperatura,20.487231958709284
389,07/02/21 18:42:47,Temperatura,27.392377037561438
390,07/02/21 18:42:48,Temperatura,26.995982236223
391,07/02/21 18:42:49,Temperatura,34.97550612603645
392,07/02/21 18:42:50,Temperatura,36.35524474418661
393,07/02/21 18:42:51,Temperatura,29.96316306062911
394,07/02/21 18:42:52,Temperatura,29.221981339826616
395,07/02/21 18:42:53,Temperatura,34.495808482048254
396,07/02/21 18:42:54,Temperatura,35.60480206096461
397,07/02/21 18:42:55,Temperatura,24.774474683928908
398,07/02/21 18:42:56,Temperatura,27.984225151992742
399,07/02/21 18:42:58,Temperatura,25.30258993787141
400,07/02/21 18:42:59,Temperatura,20.906791156649184
401,07/02/21 18:43:00,Temperatura,24.260026460045978
402,07/02/21 18:43:01,Temperatura,28.343495616912712
403,07/02/21 18:43:02,Temperatura,35.2450817027552
404,07/02/21 18:43:03,Temperatura,27.2681517173843
405,07/02/21 18:43:04,Temperatura,29.75598998067842
406,07/02/21 18:43:05,Temperatura,31.01075257885789
407,07/02/21 18:43:06,Temperatura,30.77026498196621
408,07/02/21 18:43:07,Temperatura,22.67108430154321
409,07/02/21 18:43:08,Temperatura,32.68707104164747
410,07/02/21 18:43:09,Temperatura,29.668671569083724
411,07/02/21 18:43:10,Temperatura,36.549222302158924
412,07/02/21 18:43:11,Temperatura,33.963024933965514
413,07/02/21 18:43:12,Temperatura,36.7666660780899
414,07/02/21 18:43:13,Temperatura,22.14855831360211
415,07/02/21 18:43:14,Temperatura,30.7360093856836
416,07/02/21 18:43:15,Temperatura,37.638607304971934
417,07/02/21 18:43:16,Temperatura,22.364977852377592
418,07/02/21 18:43:17,Temperatura,26.249722464106082
419,07/02/21 18:43:18,Temperatura,24.785442637932462
420,07/02/21 18:43:19,Temperatura,28.791789619371727
421,07/02/21 18:43:20,Temperatura,29.009302737835245
422,07/02/21 18:43:21,Temperatura,30.312730292501577
423,07/02/21 18:43:22,Temperatura,29.337031973618995
424,07/02/21 18:43:23,Temperatura,27.987971845441173
425,07/02/21 18:43:24,Temperatura,27.645673199670895
426,07/02/21 18:43:25,Temperatura,28.20356472373199
427,07/02/21 18:43:26,Temperatura,31.362932790734252
428,07/02/21 18:43:27,Temperatura,28.841372047806264
429,07/02/21 18:43:28,Temperatura,35.167379392278136
430,07/02/21 18:43:29,Temperatura,25.652102933151205
431,07/02/21 18:43:30,Temperatura,28.0823246895617
432,07/02/21 18:43:31,Temperatura,22.61048323279633
433,07/02/21 18:43:32,Temperatura,27.433277520339633
434,07/02/21 18:43:33,Temperatura,37.06708413716552
435,07/02/21 18:43:34,Temperatura,30.127207520640766
436,07/02/21 18:43:35,Temperatura,17.973284485804015
437,07/02/21 18:43:36,Temperatura,37.744258125907834
438,07/02/21 18:43:38,Temperatura,35.61395246493424
439,07/02/21 18:43:39,Temperatura,30.024166644947854
440,07/02/21 18:43:40,Temperatura,31.31123023003984
441,07/02/21 18:43:41,Temperatura,29.91464481245808
442,07/02/21 18:43:42,Temperatura,35.142970368578915
443,07/02/21 18:43:43,Temperatura,29.588055182724574
444,07/02/21 18:43:44,Temperatura,22.46340116088472
445,07/02/21 18:43:45,Temperatura,36.23921178069237
446,07/02/21 18:43:46,Temperatura,20.810811838613283
447,07/02/21 18:43:47,Temperatura,23.642541104124312
448,07/02/21 18:43:48,Temperatura,26.207364456690918
449,07/02/21 18:43:49,Temperatura,33.633129432410904
450,07/02/21 18:43:50,Temperatura,28.178024567522726
451,07/02/21 18:43:51,Temperatura,23.317147632561174
452,07/02/21 18:43:52,Temperatura,29.28212028817766
453,07/02/21 18:43:53,Temperatura,24.418824487164823
454,07/02/21 18:43:54,Temperatura,25.01179930084724
455,07/02/21 18:43:55,Temperatura,21.020032699854447
456,07/02/21 18:43:56,Temperatura,32.56958108992039
457,07/02/21 18:43:57,Temperatura,25.352444247675958
458,07/02/21 18:43:58,Temperatura,26.182039335247808
459,07/02/21 18:43:59,Temperatura,18.897650751059192
460,07/02/21 18:44:00,Temperatura,23.172872187173414
461,07/02/21 18:44:01,Temperatura,26.162729503370425
462,07/02/21 18:44:02,Temperatura,23.616025299818713
463,07/02/21 18:44:03,Temperatura,34.348790461944276
464,07/02/21 18:44:04,Temperatura,25.362298447148344
465,07/02/21 18:44:05,Temperatura,30.782790561964944
466,07/02/21 18:44:06,Temperatura,25.907720715135543
467,07/02/21 18:44:07,Temperatura,29.83416175329358
468,07/02/21 18:44:08,Temperatura,25.997677515389263
469,07/02/21 18:44:09,Temperatura,35.499793256321055
470,07/02/21 18:44:10,Temperatura,35.337024318054034
471,07/02/21 18:44:11,Temperatura,27.404136124618898
472,07/02/21 18:44:12,Temperatura,28.506326459471982
473,07/02/21 18:44:13,Temperatura,33.453401744209586
474,07/02/21 18:44:15,Temperatura,25.588442872895087
475,07/02/21 18:44:16,Temperatura,35.20003718646671
476,07/02/21 18:44:17,Temperatura,38.61451544703728
477,07/02/21 18:44:18,Temperatura,33.40710448907114
478,07/02/21 18:44:19,Temperatura,34.15572867173471
479,07/02/21 18:44:20,Temperatura,25.431544893862696
480,07/02/21 18:44:21,Temperatura,33.651894159641195
481,07/02/21 18:44:22,Temperatura,36.159688095354994
482,07/02/21 18:44:23,Temperatura,29.130217229987103
483,07/02/21 18:44:24,Temperatura,29.14389380211673
484,07/02/21 18:44:25,Temperatura,39.99985977617064
485,07/02/21 18:44:26,Temperatura,30.039672764367268
486,07/02/21 18:44:27,Temperatura,32.36646927502374
487,07/02/21 18:44:28,Temperatura,28.813932094249132
488,07/02/21 18:44:29,Temperatura,35.20030570065673
489,07/02/21 18:44:30,Temperatura,22.696426652676408
490,07/02/21 18:44:31,Temperatura,29.138740583980084
491,07/02/21 18:44:32,Temperatura,28.57541692371143
492,07/02/21 18:44:33,Temperatura,31.257929450491
493,07/02/21 18:44:34,Temperatura,35.431925879601145
494,07/02/21 18:44:35,Temperatura,25.440585127296814
495,07/02/21 18:44:36,Temperatura,38.384603075593326
496,07/02/21 18:44:37,Temperatura,26.406774546991038
497,07/02/21 18:44:38,Temperatura,35.17493749027905
498,07/02/21 18:44:39,Temperatura,36.41857676245678
499,07/02/21 18:44:40,Temperatura,33.30671581222169
500,07/02/21 18:44:41,Temperatura,38.729496352971076
501,07/02/21 18:44:42,Temperatura,36.440372544695194
502,07/02/21 18:44:43,Temperatura,34.741897697663596
503,07/02/21 18:44:44,Temperatura,34.686084854179896
504,07/02/21 18:44:45,Temperatura,32.72741525314665
505,07/02/21 18:44:46,Temperatura,29.81365788399106
506,07/02/21 18:44:47,Temperatura,29.612762315378866
507,07/02/21 18:44:48,Temperatura,28.421966729672633
508,07/02/21 18:44:49,Temperatura,20.33108479831525
509,07/02/21 18:44:50,Temperatura,35.539017296032156
510,07/02/21 18:44:51,Temperatura,20.386116943638264
511,07/02/21 18:44:52,Temperatura,42.15751781843137
512,07/02/21 18:44:53,Temperatura,34.369955999027965
513,07/02/21 18:44:54,Temperatura,21.38121253591785
514,07/02/21 18:44:55,Temperatura,26.336819006862374
515,07/02/21 18:44:56,Temperatura,37.1921625707592
516,07/02/21 18:44:57,Temperatura,19.654889162825683
517,07/02/21 18:44:59,Temperatura,32.23868952908731
518,07/02/21 18:45:00,Temperatura,30.48612217237064
519,07/02/21 18:45:01,Temperatura,25.912207469578505
520,07/02/21 18:45:02,Temperatura,31.514403218351827
521,07/02/21 18:45:03,Temperatura,33.07960535682629
522,07/02/21 18:45:04,Temperatura,30.64214286053084
523,07/02/21 18:45:05,Temperatura,22.79223179128262
524,07/02/21 18:45:06,Temperatura,38.54458814000803
525,07/02/21 18:45:07,Temperatura,22.264178857304753
526,07/02/21 18:45:08,Temperatura,23.5946800889139
527,07/02/21 18:45:09,Temperatura,33.59867598510314
528,07/02/21 18:45:10,Temperatura,27.720346008520753
529,07/02/21 18:45:11,Temperatura,32.716803997681616
530,07/02/21 18:45:12,Temperatura,29.927509800411567
531,07/02/21 18:45:13,Temperatura,36.990675836604964
532,07/02/21 18:45:14,Temperatura,18.41533554489964
533,07/02/21 18:45:15,Temperatura,25.940837829201524
1,07/02/21 18:45:15,Maximo,50.08209723095005
1,07/02/21 18:45:15,Minimo,15.252657437382751
1,07/02/21 18:45:15,Mediana,29.6118236958837
1,07/02/21 18:45:15,Promedio,29.70459209575781
1,07/02/21 18:45:15,Desviacion,5.165075381070615
1,07/02/21 18:45:15,Varianza,26.678003692141758
534,07/02/21 18:45:16,Temperatura,20.314928955610394
535,07/02/21 18:45:17,Temperatura,25.776458236337074
536,07/02/21 18:45:18,Temperatura,24.892142292085587
1,07/02/21 18:45:18,Maximo,50.08209723095005
1,07/02/21 18:45:18,Minimo,15.252657437382751
1,07/02/21 18:45:18,Mediana,29.58805518272457
1,07/02/21 18:45:18,Promedio,29.670829997427752
1,07/02/21 18:45:18,Desviacion,5.1733807889804355
1,07/02/21 18:45:18,Varianza,26.763868787791832
537,07/02/21 18:45:19,Temperatura,26.724972716074493
1,07/02/21 18:45:19,Maximo,50.08209723095005
1,07/02/21 18:45:19,Minimo,15.252657437382751
1,07/02/21 18:45:19,Mediana,29.579188132898278
1,07/02/21 18:45:19,Promedio,29.665354426272817
1,07/02/21 18:45:19,Desviacion,5.1701278600303135
1,07/02/21 18:45:19,Varianza,26.730222089061634
538,07/02/21 18:45:20,Temperatura,30.394831866960068
1,07/02/21 18:45:20,Maximo,50.08209723095005
1,07/02/21 18:45:20,Minimo,15.252657437382751
1,07/02/21 18:45:20,Mediana,29.58805518272457
1,07/02/21 18:45:20,Promedio,29.666707816700807
1,07/02/21 18:45:20,Desviacion,5.165424985072174
1,07/02/21 18:45:20,Varianza,26.68161527640787
539,07/02/21 18:45:21,Temperatura,28.870177840557123
1,07/02/21 18:45:22,Maximo,50.08209723095005
1,07/02/21 18:45:22,Minimo,15.252657437382751
1,07/02/21 18:45:22,Mediana,29.579188132898278
1,07/02/21 18:45:22,Promedio,29.665232761189436
1,07/02/21 18:45:22,Desviacion,5.160753591084386
1,07/02/21 18:45:22,Varianza,26.633377627890386
540,07/02/21 18:45:22,Temperatura,35.53747127350164
1,07/02/21 18:45:23,Maximo,50.08209723095005
1,07/02/21 18:45:23,Minimo,15.252657437382751
1,07/02/21 18:45:23,Mediana,29.58805518272457
1,07/02/21 18:45:23,Promedio,29.676087176184463
1,07/02/21 18:45:23,Desviacion,5.162147772016418
1,07/02/21 18:45:23,Varianza,26.647769620134067
541,07/02/21 18:45:23,Temperatura,21.22650249537643
542,07/02/21 18:45:24,Temperatura,35.06143078817863
543,07/02/21 18:45:25,Temperatura,30.89196637177197
544,07/02/21 18:45:26,Temperatura,27.32770425652104
545,07/02/21 18:45:27,Temperatura,28.33083181512733
546,07/02/21 18:45:28,Temperatura,34.27133826754807
547,07/02/21 18:45:29,Temperatura,30.597233993841577
548,07/02/21 18:45:30,Temperatura,32.68514757644046
549,07/02/21 18:45:31,Temperatura,22.11817388697866
550,07/02/21 18:45:32,Temperatura,17.300505952623375
551,07/02/21 18:45:33,Temperatura,27.39121583966574
552,07/02/21 18:45:34,Temperatura,47.13709804691273
553,07/02/21 18:45:35,Temperatura,30.08662606831819
554,07/02/21 18:45:36,Temperatura,27.264089986604095
555,07/02/21 18:45:37,Temperatura,31.49181664513298
556,07/02/21 18:45:38,Temperatura,31.710173976861743
557,07/02/21 18:45:39,Temperatura,28.288067692799856
558,07/02/21 18:45:40,Temperatura,34.33625940522793
559,07/02/21 18:45:41,Temperatura,37.29665027962761
560,07/02/21 18:45:42,Temperatura,28.88197204127714
561,07/02/21 18:45:43,Temperatura,29.309418380953012
562,07/02/21 18:45:45,Temperatura,35.11948183587262
563,07/02/21 18:45:46,Temperatura,29.65391922699425
564,07/02/21 18:45:47,Temperatura,25.046694557897766
565,07/02/21 18:45:48,Temperatura,37.19759892691031
566,07/02/21 18:45:49,Temperatura,31.89889739741461
567,07/02/21 18:45:50,Temperatura,31.05628736755666
568,07/02/21 18:45:51,Temperatura,26.621666240019945
569,07/02/21 18:45:52,Temperatura,27.539923130569345
570,07/02/21 18:45:53,Temperatura,30.056118136246944
571,07/02/21 18:45:54,Temperatura,25.917555799473035
572,07/02/21 18:45:55,Temperatura,32.667233564217796
573,07/02/21 18:45:56,Temperatura,26.54681575441046
574,07/02/21 18:45:57,Temperatura,23.377207328827446
575,07/02/21 18:45:58,Temperatura,37.95523230213132
576,07/02/21 18:45:59,Temperatura,36.39959367048442
577,07/02/21 18:46:00,Temperatura,39.31750741826383
578,07/02/21 18:46:01,Temperatura,22.885075406260107
579,07/02/21 18:46:02,Temperatura,31.683027302012494
580,07/02/21 18:46:03,Temperatura,23.69443609373753
581,07/02/21 18:46:04,Temperatura,36.86132934221071
582,07/02/21 18:46:05,Temperatura,28.45256772863216
583,07/02/21 18:46:06,Temperatura,21.02943005562445
584,07/02/21 18:46:07,Temperatura,32.714235525655575
585,07/02/21 18:46:08,Temperatura,29.189688070618836
586,07/02/21 18:46:09,Temperatura,32.23184417578467
587,07/02/21 18:46:10,Temperatura,30.399138473955947
588,07/02/21 18:46:11,Temperatura,29.866009532157463
589,07/02/21 18:46:12,Temperatura,39.64688793127479
590,07/02/21 18:46:13,Temperatura,33.50160649023379
591,07/02/21 18:46:14,Temperatura,33.26223342291122
592,07/02/21 18:46:15,Temperatura,39.94535670370116
593,07/02/21 18:46:16,Temperatura,24.247852304311888
594,07/02/21 18:46:17,Temperatura,26.957301382233666
595,07/02/21 18:46:18,Temperatura,30.532306389209793
596,07/02/21 18:46:19,Temperatura,23.55712746925878
597,07/02/21 18:46:20,Temperatura,27.666620746310745
598,07/02/21 18:46:21,Temperatura,25.386898292766155
599,07/02/21 18:46:22,Temperatura,31.37494463058633
600,07/02/21 18:46:23,Temperatura,27.21997341966908
601,07/02/21 18:46:24,Temperatura,31.935594185856193
602,07/02/21 18:46:25,Temperatura,37.23383412874003
603,07/02/21 18:46:26,Temperatura,34.55283346984592
604,07/02/21 18:46:27,Temperatura,24.954487005596114
605,07/02/21 18:46:28,Temperatura,30.59746249879801
606,07/02/21 18:46:30,Temperatura,24.111470173437695
607,07/02/21 18:46:31,Temperatura,30.045420246635977
608,07/02/21 18:46:32,Temperatura,35.57491876175424
609,07/02/21 18:46:33,Temperatura,28.466192657424735
610,07/02/21 18:46:34,Temperatura,26.048074709295292
611,07/02/21 18:46:35,Temperatura,25.777644128941233
612,07/02/21 18:46:36,Temperatura,32.919372603529986
613,07/02/21 18:46:37,Temperatura,26.06912984861964
614,07/02/21 18:46:38,Temperatura,32.79105372489521
615,07/02/21 18:46:39,Temperatura,28.299506999317416
616,07/02/21 18:46:40,Temperatura,24.487115887218465
617,07/02/21 18:46:41,Temperatura,26.654050983661705
618,07/02/21 18:46:42,Temperatura,33.696489102897935
619,07/02/21 18:46:43,Temperatura,33.812060062355044
620,07/02/21 18:46:44,Temperatura,31.369917984583516
621,07/02/21 18:46:45,Temperatura,33.841774060059805
622,07/02/21 18:46:46,Temperatura,32.42179660589838
623,07/02/21 18:46:47,Temperatura,32.20561003653477
624,07/02/21 18:46:48,Temperatura,30.42948665670616
625,07/02/21 18:46:49,Temperatura,33.46544008535704
626,07/02/21 18:46:50,Temperatura,34.192952354640845
627,07/02/21 18:46:51,Temperatura,23.265330153658386
628,07/02/21 18:46:52,Temperatura,21.97997916219414
629,07/02/21 18:46:53,Temperatura,33.55695509445474
630,07/02/21 18:46:54,Temperatura,28.33378218729655
631,07/02/21 18:46:55,Temperatura,38.163539206035
632,07/02/21 18:46:56,Temperatura,26.13198681607422
633,07/02/21 18:46:57,Temperatura,32.67387272584932
634,07/02/21 18:46:58,Temperatura,30.480404471064926
635,07/02/21 18:47:00,Temperatura,20.987882566283048
636,07/02/21 18:47:01,Temperatura,34.772121339643626
637,07/02/21 18:47:02,Temperatura,23.94927958240413
638,07/02/21 18:47:03,Temperatura,39.50739854977112
639,07/02/21 18:47:04,Temperatura,28.487725565033337
640,07/02/21 18:47:05,Temperatura,40.90365208696775
641,07/02/21 18:47:06,Temperatura,24.428148617268477
642,07/02/21 18:47:07,Temperatura,33.69183899699124
643,07/02/21 18:47:08,Temperatura,29.33372800922492
644,07/02/21 18:47:09,Temperatura,34.33525178702056
645,07/02/21 18:47:10,Temperatura,19.86760338383025
646,07/02/21 18:47:11,Temperatura,33.14542656646619
647,07/02/21 18:47:12,Temperatura,24.07691799632983
648,07/02/21 18:47:13,Temperatura,37.29767580021384
649,07/02/21 18:47:14,Temperatura,32.58946094771334
650,07/02/21 18:47:15,Temperatura,27.659143478188785
651,07/02/21 18:47:16,Temperatura,30.854799856444405
652,07/02/21 18:47:17,Temperatura,29.763735688459573
653,07/02/21 18:47:18,Temperatura,27.95194663397649
654,07/02/21 18:47:19,Temperatura,27.99227856845887
655,07/02/21 18:47:20,Temperatura,24.558924758980716
656,07/02/21 18:47:21,Temperatura,28.251908410847797
657,07/02/21 18:47:22,Temperatura,29.066332399522903
658,07/02/21 18:47:23,Temperatura,36.363486696716976
659,07/02/21 18:47:24,Temperatura,28.105977484871545
660,07/02/21 18:47:25,Temperatura,24.66200756308959
661,07/02/21 18:47:26,Temperatura,28.608694116111497
662,07/02/21 18:47:27,Temperatura,24.913662497780315
663,07/02/21 18:47:28,Temperatura,29.48183776814405
664,07/02/21 18:47:29,Temperatura,29.67908497420268
665,07/02/21 18:47:30,Temperatura,25.580470161556676
666,07/02/21 18:47:31,Temperatura,25.01125392534403
667,07/02/21 18:47:32,Temperatura,27.947535142197857
668,07/02/21 18:47:33,Temperatura,31.795512853754907
669,07/02/21 18:47:34,Temperatura,24.156253937198358
670,07/02/21 18:47:35,Temperatura,25.79327866338838
671,07/02/21 18:47:36,Temperatura,23.093128749537378
672,07/02/21 18:47:37,Temperatura,25.85678716487528
673,07/02/21 18:47:38,Temperatura,38.88584274187243
674,07/02/21 18:47:39,Temperatura,26.5003025892015
675,07/02/21 18:47:40,Temperatura,29.565578711039233
676,07/02/21 18:47:41,Temperatura,34.716614392567784
677,07/02/21 18:47:42,Temperatura,35.36147235692929
678,07/02/21 18:47:43,Temperatura,23.612699114940284
679,07/02/21 18:47:44,Temperatura,40.68036359953251
680,07/02/21 18:47:45,Temperatura,22.73446550253259
681,07/02/21 18:47:46,Temperatura,33.398645806880154
682,07/02/21 18:47:47,Temperatura,36.09847025627324
683,07/02/21 18:47:48,Temperatura,28.812427173842742
684,07/02/21 18:47:50,Temperatura,20.81152032174191
685,07/02/21 18:47:51,Temperatura,32.700845110170576
686,07/02/21 18:47:52,Temperatura,22.9782191869
687,07/02/21 18:47:53,Temperatura,30.367763766859557
688,07/02/21 18:47:54,Temperatura,32.093946523623444
689,07/02/21 18:47:55,Temperatura,31.00577226115142
690,07/02/21 18:47:56,Temperatura,37.6044292847324
691,07/02/21 18:47:57,Temperatura,31.9761080339319
692,07/02/21 18:47:58,Temperatura,30.945313280670184
693,07/02/21 18:47:59,Temperatura,24.75388931537485
694,07/02/21 18:48:00,Temperatura,27.761587221153377
695,07/02/21 18:48:01,Temperatura,34.712111188976294
696,07/02/21 18:48:02,Temperatura,24.671962591058566
697,07/02/21 18:48:03,Temperatura,24.63754841071789
698,07/02/21 18:48:04,Temperatura,34.93798690152933
699,07/02/21 18:48:05,Temperatura,26.675138090646296
700,07/02/21 18:48:06,Temperatura,37.94322772276737
701,07/02/21 18:48:07,Temperatura,35.35350207652607
702,07/02/21 18:48:08,Temperatura,28.740745338917137
703,07/02/21 18:48:09,Temperatura,25.302767164974508
704,07/02/21 18:48:10,Temperatura,29.466240193360075
705,07/02/21 18:48:11,Temperatura,30.428028685116956
706,07/02/21 18:48:12,Temperatura,22.51397242142975
707,07/02/21 18:48:13,Temperatura,33.917246733064964
708,07/02/21 18:48:14,Temperatura,32.72837335699149
709,07/02/21 18:48:15,Temperatura,27.388883021220426
710,07/02/21 18:48:16,Temperatura,32.355249251660915
711,07/02/21 18:48:17,Temperatura,32.458569370360316
712,07/02/21 18:48:18,Temperatura,36.50374518907149
713,07/02/21 18:48:19,Temperatura,20.46144088683047
714,07/02/21 18:48:20,Temperatura,27.616339575971786
715,07/02/21 18:48:21,Temperatura,37.19858366713961
716,07/02/21 18:48:22,Temperatura,27.117989272165055
717,07/02/21 18:48:23,Temperatura,23.11611871682927
718,07/02/21 18:48:24,Temperatura,43.25038711034421
719,07/02/21 18:48:25,Temperatura,17.226801886722022
720,07/02/21 18:48:26,Temperatura,33.396493059188224
721,07/02/21 18:48:27,Temperatura,37.286346696763815
722,07/02/21 18:48:28,Temperatura,23.193077487594106
723,07/02/21 18:48:29,Temperatura,23.537402178765745
724,07/02/21 18:48:30,Temperatura,30.431324957008425
725,07/02/21 18:48:31,Temperatura,24.80441704824985
726,07/02/21 18:48:32,Temperatura,33.38062045615573
727,07/02/21 18:48:33,Temperatura,27.291627343624313
728,07/02/21 18:48:34,Temperatura,26.044040622547552
729,07/02/21 18:48:35,Temperatura,31.04716299764509
730,07/02/21 18:48:36,Temperatura,33.84661315434658
731,07/02/21 18:48:37,Temperatura,32.31928794585278
732,07/02/21 18:48:38,Temperatura,29.2563603724497
733,07/02/21 18:48:39,Temperatura,30.199728192969452
734,07/02/21 18:48:40,Temperatura,34.460750505914795
735,07/02/21 18:48:41,Temperatura,27.39168579805164
736,07/02/21 18:48:42,Temperatura,26.375423415358107
737,07/02/21 18:48:43,Temperatura,24.62759067809196
738,07/02/21 18:48:44,Temperatura,33.646326404033765
739,07/02/21 18:48:45,Temperatura,24.11744093591848
740,07/02/21 18:48:46,Temperatura,27.68344520752577
741,07/02/21 18:48:47,Temperatura,30.644193590608527
742,07/02/21 18:48:48,Temperatura,27.74736804682776
743,07/02/21 18:48:49,Temperatura,31.389359357846338
744,07/02/21 18:48:50,Temperatura,29.840990511594512
745,07/02/21 18:48:52,Temperatura,25.07449812623109
746,07/02/21 18:48:53,Temperatura,28.673457722873426
747,07/02/21 18:48:54,Temperatura,29.215714441523556
748,07/02/21 18:48:55,Temperatura,36.209117513246255
749,07/02/21 18:48:56,Temperatura,26.41772199621198
750,07/02/21 18:48:57,Temperatura,29.511587340170813
751,07/02/21 18:48:58,Temperatura,36.13990131545364
752,07/02/21 18:48:59,Temperatura,33.922463450418974
753,07/02/21 18:49:00,Temperatura,27.728444161909614
754,07/02/21 18:49:01,Temperatura,20.91028916796809
755,07/02/21 18:49:02,Temperatura,35.487441876419055
756,07/02/21 18:49:03,Temperatura,21.36137126135516
757,07/02/21 18:49:04,Temperatura,33.22055067992715
758,07/02/21 18:49:05,Temperatura,34.016766630704424
759,07/02/21 18:49:06,Temperatura,29.014123587224475
760,07/02/21 18:49:07,Temperatura,23.011551967290185
761,07/02/21 18:49:08,Temperatura,39.33299576109066
762,07/02/21 18:49:09,Temperatura,28.90194002303887
763,07/02/21 18:49:10,Temperatura,27.972554813373794
764,07/02/21 18:49:11,Temperatura,30.582745242455555
765,07/02/21 18:49:12,Temperatura,34.57260086476749
766,07/02/21 18:49:13,Temperatura,33.84112700211715
767,07/02/21 18:49:14,Temperatura,28.593577143316622
768,07/02/21 18:49:15,Temperatura,19.516956823078306
769,07/02/21 18:49:16,Temperatura,32.50713876276834
770,07/02/21 18:49:17,Temperatura,34.093411577565746
771,07/02/21 18:49:18,Temperatura,38.87448542332481
772,07/02/21 18:49:19,Temperatura,30.630403082387886
773,07/02/21 18:49:20,Temperatura,31.342386793782453
774,07/02/21 18:49:21,Temperatura,25.753812164385273
775,07/02/21 18:49:22,Temperatura,35.02981191147737
776,07/02/21 18:49:23,Temperatura,32.35118431774967
777,07/02/21 18:49:24,Temperatura,24.872793219193746
778,07/02/21 18:49:25,Temperatura,22.038619429996878
779,07/02/21 18:49:26,Temperatura,25.026940567273105
780,07/02/21 18:49:27,Temperatura,23.851322832340635
781,07/02/21 18:49:28,Temperatura,26.643223186810992
782,07/02/21 18:49:29,Temperatura,35.98623856191557
783,07/02/21 18:49:30,Temperatura,23.158944290016656
784,07/02/21 18:49:31,Temperatura,34.780243986314794
785,07/02/21 18:49:32,Temperatura,32.41800759020588
786,07/02/21 18:49:33,Temperatura,27.6938475715191
787,07/02/21 18:49:34,Temperatura,38.72405026808731
788,07/02/21 18:49:35,Temperatura,19.680609634597765
789,07/02/21 18:49:36,Temperatura,27.304061013865425
790,07/02/21 18:49:37,Temperatura,38.36281194916635
791,07/02/21 18:49:38,Temperatura,30.6043416972697
792,07/02/21 18:49:39,Temperatura,22.887422807007948
793,07/02/21 18:49:40,Temperatura,27.38679804135992
794,07/02/21 18:49:42,Temperatura,17.363229507926885
795,07/02/21 18:49:43,Temperatura,29.101135319004158
796,07/02/21 18:49:44,Temperatura,29.293543963911496
797,07/02/21 18:49:45,Temperatura,21.66065525826758
798,07/02/21 18:49:46,Temperatura,29.630885801506597
799,07/02/21 18:49:47,Temperatura,29.95280361459993
800,07/02/21 18:49:48,Temperatura,28.81727389590753
801,07/02/21 18:49:49,Temperatura,36.820382186403876
802,07/02/21 18:49:50,Temperatura,27.50929891005328
803,07/02/21 18:49:51,Temperatura,30.392532786679563
804,07/02/21 18:49:52,Temperatura,34.11363518858998
805,07/02/21 18:49:53,Temperatura,40.053714088983384
806,07/02/21 18:49:54,Temperatura,28.15278471618552
807,07/02/21 18:49:55,Temperatura,31.014037540313243
808,07/02/21 18:49:56,Temperatura,28.368257116746907
809,07/02/21 18:49:57,Temperatura,16.213666155388502
810,07/02/21 18:49:58,Temperatura,27.577221124460802
811,07/02/21 18:49:59,Temperatura,30.40947532816753
812,07/02/21 18:50:00,Temperatura,32.651768781916424
813,07/02/21 18:50:01,Temperatura,24.66924139979934
814,07/02/21 18:50:02,Temperatura,25.55152391151999
815,07/02/21 18:50:03,Temperatura,34.79765864566242
816,07/02/21 18:50:04,Temperatura,26.920079343295598
817,07/02/21 18:50:05,Temperatura,21.955657519734928
818,07/02/21 18:50:06,Temperatura,28.481050257314507
819,07/02/21 18:50:07,Temperatura,30.349750496414845
820,07/02/21 18:50:08,Temperatura,23.305956379829126
821,07/02/21 18:50:09,Temperatura,34.95105381323872
822,07/02/21 18:50:10,Temperatura,23.16784532133685
823,07/02/21 18:50:11,Temperatura,28.99098702975711
824,07/02/21 18:50:12,Temperatura,25.941539607122053
825,07/02/21 18:50:13,Temperatura,30.84644793122467
826,07/02/21 18:50:14,Temperatura,29.47221779420583
827,07/02/21 18:50:15,Temperatura,23.354833624419356
828,07/02/21 18:50:16,Temperatura,35.14269686488367
829,07/02/21 18:50:17,Temperatura,24.71676421055956
830,07/02/21 18:50:18,Temperatura,30.219467338591
831,07/02/21 18:50:19,Temperatura,32.82492118451165
832,07/02/21 18:50:20,Temperatura,25.920711796488078
833,07/02/21 18:50:21,Temperatura,27.562830057134708
834,07/02/21 18:50:22,Temperatura,23.858622228421304
835,07/02/21 18:50:23,Temperatura,27.996896674123104
836,07/02/21 18:50:24,Temperatura,34.919706568712755
837,07/02/21 18:50:25,Temperatura,22.996428513295996
838,07/02/21 18:50:26,Temperatura,17.859305160580725
839,07/02/21 18:50:27,Temperatura,33.66050372845102
840,07/02/21 18:50:28,Temperatura,23.914872908026915
841,07/02/21 18:50:29,Temperatura,32.64505766587284
842,07/02/21 18:50:30,Temperatura,31.640160460807543
843,07/02/21 18:50:32,Temperatura,23.58292074943506
844,07/02/21 18:50:33,Temperatura,30.043051960730047
845,07/02/21 18:50:34,Temperatura,25.774194871555938
846,07/02/21 18:50:35,Temperatura,22.04222727064336
847,07/02/21 18:50:36,Temperatura,33.767175853786874
848,07/02/21 18:50:37,Temperatura,26.69024910228315
849,07/02/21 18:50:38,Temperatura,29.8097894037107
850,07/02/21 18:50:39,Temperatura,29.61454684183595
851,07/02/21 18:50:40,Temperatura,33.08816267488033
852,07/02/21 18:50:41,Temperatura,32.6038458590538
853,07/02/21 18:50:42,Temperatura,26.515132929791545
854,07/02/21 18:50:43,Temperatura,33.905268833692844
855,07/02/21 18:50:44,Temperatura,34.52889007038107
856,07/02/21 18:50:45,Temperatura,33.21128665212377
857,07/02/21 18:50:46,Temperatura,28.223786412016544
858,07/02/21 18:50:47,Temperatura,27.58607492896015
859,07/02/21 18:50:48,Temperatura,27.514541816015903
860,07/02/21 18:50:49,Temperatura,30.892407912353853
861,07/02/21 18:50:50,Temperatura,29.562068573395774
862,07/02/21 18:50:51,Temperatura,31.691982334892796
863,07/02/21 18:50:52,Temperatura,37.78520291455785
864,07/02/21 18:50:53,Temperatura,26.556017429251234
865,07/02/21 18:50:54,Temperatura,29.669708156396517
866,07/02/21 18:50:55,Temperatura,41.55990578045788
867,07/02/21 18:50:56,Temperatura,32.123129713192114
868,07/02/21 18:50:57,Temperatura,36.92079289633574
869,07/02/21 18:50:58,Temperatura,37.39855434661457
870,07/02/21 18:50:59,Temperatura,23.320486504098646
871,07/02/21 18:51:00,Temperatura,30.870478960055966
872,07/02/21 18:51:01,Temperatura,23.470234019230624
873,07/02/21 18:51:02,Temperatura,30.966173893671467
874,07/02/21 18:51:03,Temperatura,29.244561876789714
875,07/02/21 18:51:04,Temperatura,35.60203717736335
876,07/02/21 18:51:05,Temperatura,40.685566417766466
877,07/02/21 18:51:06,Temperatura,32.32292651527569
878,07/02/21 18:51:07,Temperatura,25.439807709988816
879,07/02/21 18:51:08,Temperatura,34.662514100524184
880,07/02/21 18:51:09,Temperatura,35.124414701101045
881,07/02/21 18:51:10,Temperatura,25.264411096182997
882,07/02/21 18:51:11,Temperatura,31.01974386823386
883,07/02/21 18:51:12,Temperatura,35.47626709143575
884,07/02/21 18:51:13,Temperatura,25.429947206753205
885,07/02/21 18:51:14,Temperatura,35.29375660488114
886,07/02/21 18:51:15,Temperatura,31.017638002991504
887,07/02/21 18:51:16,Temperatura,21.474085323387726
888,07/02/21 18:51:17,Temperatura,30.32785038741101
889,07/02/21 18:51:18,Temperatura,34.28514477351789
890,07/02/21 18:51:19,Temperatura,24.153704065352684
891,07/02/21 18:51:20,Temperatura,30.944469444933763
892,07/02/21 18:51:21,Temperatura,31.68351315640598
893,07/02/21 18:51:22,Temperatura,35.938348351002126
894,07/02/21 18:51:23,Temperatura,34.91826493291523
895,07/02/21 18:51:24,Temperatura,34.27343703915577
896,07/02/21 18:51:25,Temperatura,38.21029200112082
897,07/02/21 18:51:27,Temperatura,29.476899031036268
898,07/02/21 18:51:28,Temperatura,29.009782692753276
899,07/02/21 18:51:29,Temperatura,32.091367278319346
900,07/02/21 18:51:30,Temperatura,28.6609802244527
901,07/02/21 18:51:31,Temperatura,33.62471305108415
902,07/02/21 18:51:32,Temperatura,23.04827588985049
903,07/02/21 18:51:33,Temperatura,31.951078602177752
904,07/02/21 18:51:34,Temperatura,31.129409220792898
905,07/02/21 18:51:35,Temperatura,22.990265068978925
906,07/02/21 18:51:36,Temperatura,39.476456480677626
907,07/02/21 18:51:37,Temperatura,32.27595030651572
908,07/02/21 18:51:38,Temperatura,25.474126629870568
909,07/02/21 18:51:39,Temperatura,29.41224647564203
910,07/02/21 18:51:40,Temperatura,37.054542607052724
911,07/02/21 18:51:41,Temperatura,29.718525273590735
912,07/02/21 18:51:42,Temperatura,30.453337223665205
913,07/02/21 18:51:43,Temperatura,34.155986648834876
914,07/02/21 18:51:44,Temperatura,35.8663927706615
915,07/02/21 18:51:45,Temperatura,39.26944046369573
916,07/02/21 18:51:46,Temperatura,27.57900370317637
917,07/02/21 18:51:47,Temperatura,21.872931576765215
918,07/02/21 18:51:48,Temperatura,33.480100541429444
919,07/02/21 18:51:49,Temperatura,28.944434693542945
920,07/02/21 18:51:50,Temperatura,29.764471933766615
921,07/02/21 18:51:51,Temperatura,34.62400115125741
922,07/02/21 18:51:52,Temperatura,30.571790647385974
923,07/02/21 18:51:53,Temperatura,31.809567885719368
924,07/02/21 18:51:54,Temperatura,33.92937317382726
925,07/02/21 18:51:55,Temperatura,26.398528015949868
926,07/02/21 18:51:56,Temperatura,37.38345052751362
927,07/02/21 18:51:57,Temperatura,29.438438053294824
928,07/02/21 18:51:58,Temperatura,26.086853787250547
929,07/02/21 18:51:59,Temperatura,28.759156009658167
930,07/02/21 18:52:00,Temperatura,23.49960985395419
931,07/02/21 18:52:01,Temperatura,35.83276827492892
932,07/02/21 18:52:02,Temperatura,30.158911168855106
933,07/02/21 18:52:03,Temperatura,18.262397195603036
934,07/02/21 18:52:04,Temperatura,24.102577956556498
935,07/02/21 18:52:05,Temperatura,30.917169516597493
936,07/02/21 18:52:06,Temperatura,29.760776751624483
937,07/02/21 18:52:07,Temperatura,31.377933540876548
938,07/02/21 18:52:08,Temperatura,28.802502845905973
939,07/02/21 18:52:09,Temperatura,28.28648993891796
940,07/02/21 18:52:10,Temperatura,27.605468450349765
941,07/02/21 18:52:11,Temperatura,30.42468001507439
942,07/02/21 18:52:12,Temperatura,25.750113525383924
943,07/02/21 18:52:13,Temperatura,23.846484889487474
944,07/02/21 18:52:15,Temperatura,24.59385474825352
945,07/02/21 18:52:16,Temperatura,35.660057235354
946,07/02/21 18:52:17,Temperatura,22.802787783870606
947,07/02/21 18:52:18,Temperatura,29.171433002296954
948,07/02/21 18:52:19,Temperatura,26.38581737782432
949,07/02/21 18:52:20,Temperatura,34.56239200999543
950,07/02/21 18:52:21,Temperatura,38.60402811530376
951,07/02/21 18:52:22,Temperatura,37.155316760039184
952,07/02/21 18:52:23,Temperatura,28.020971519876102
953,07/02/21 18:52:24,Temperatura,29.128281854463197
954,07/02/21 18:52:25,Temperatura,29.52814171841551
955,07/02/21 18:52:26,Temperatura,27.208571536649963
956,07/02/21 18:52:27,Temperatura,30.115641391290104
957,07/02/21 18:52:28,Temperatura,25.78887597417144
958,07/02/21 18:52:29,Temperatura,27.995721537685945
959,07/02/21 18:52:30,Temperatura,28.95803985039605
960,07/02/21 18:52:31,Temperatura,33.64340803138563
961,07/02/21 18:52:32,Temperatura,34.53695845242923
962,07/02/21 18:52:33,Temperatura,27.885359497882483
963,07/02/21 18:52:34,Temperatura,25.915468747891794
964,07/02/21 18:52:35,Temperatura,30.759643793622757
965,07/02/21 18:52:36,Temperatura,36.62206278289971
966,07/02/21 18:52:37,Temperatura,32.5030102841036
967,07/02/21 18:52:38,Temperatura,27.94403794057936
968,07/02/21 18:52:39,Temperatura,26.06860739612592
969,07/02/21 18:52:40,Temperatura,20.254719126757823
970,07/02/21 18:52:41,Temperatura,27.27898910349816
971,07/02/21 18:52:42,Temperatura,31.955100281557
972,07/02/21 18:52:43,Temperatura,29.677580637638716
973,07/02/21 18:52:44,Temperatura,31.730796312417716
974,07/02/21 18:52:45,Temperatura,39.33703243811922
975,07/02/21 18:52:46,Temperatura,29.22628047480568
976,07/02/21 18:52:47,Temperatura,31.38891066564154
977,07/02/21 18:52:48,Temperatura,27.425377735443682
978,07/02/21 18:52:49,Temperatura,30.696747248154715
979,07/02/21 18:52:50,Temperatura,34.04880525252605
980,07/02/21 18:52:51,Temperatura,25.218390300011507
981,07/02/21 18:52:52,Temperatura,22.432856232195576
982,07/02/21 18:52:53,Temperatura,34.54272152467715
983,07/02/21 18:52:54,Temperatura,28.00413026076307
984,07/02/21 18:52:55,Temperatura,27.864003776058503
985,07/02/21 18:52:56,Temperatura,20.934557924190294
986,07/02/21 18:52:57,Temperatura,26.386816930270776
987,07/02/21 18:52:58,Temperatura,34.98690541041033
988,07/02/21 18:52:59,Temperatura,30.89056393879971
989,07/02/21 18:53:00,Temperatura,32.30250293762077
990,07/02/21 18:53:01,Temperatura,40.713932611349286
991,07/02/21 18:53:02,Temperatura,37.20473225951321
992,07/02/21 18:53:03,Temperatura,25.436256916682026
993,07/02/21 18:53:04,Temperatura,33.362617554949686
994,07/02/21 18:53:05,Temperatura,33.0526644059689
995,07/02/21 18:53:06,Temperatura,32.94436290347231
996,07/02/21 18:53:07,Temperatura,33.95975334364795
997,07/02/21 18:53:08,Temperatura,29.86217680964852
998,07/02/21 18:53:09,Temperatura,40.32283662466689
999,07/02/21 18:53:10,Temperatura,29.434416714913624
